day_of_week,avg_failed_amount
Sunday,2704.5826
Tuesday,3127.244411764706
Friday,2739.82160839161
Monday,2616.9214893617022
Wednesday,2642.2217073170732